Episode,Run,MIDS,State/Territory,Collected,Received,Est Tum Purity,DNA Conc,Failed or Cancelled_1,Reason_1,Tissue Collection,Previous Chemo,CRS,HRD Status,GI Index,GI Status,BRCA Status,Gene_1,HGVSc_1,HGVSp_1,Reportable_1,Tier_1,VAF_1,Gene_2,HGVSc_2,HGVSp_2,Reportable_2,Tier_2,VAF_2,Gene_3,HGVSc_3,HGVSp_3,Reportable_3,Tier_3,VAF_3,Gene_4,HGVSc_4,HGVSp_4,Reportable_4,Tier_4,VAF_4,Ext Lab,Run_ID
1404-5736,HRD_Run1,S1,QLD,4/5/2023,11/5/2023,50.0,7.17,,,Core Biopsy,No,,NEGATIVE,-3.5,NEGATIVE,NEGATIVE,TP53,NM_000546.5:c.614A>G,p.(Tyr205Cys),,IA,48,,,,,,,,,,,,,,,,,,,PATH QLD,HRD_Run1
1409-5564,HRD_Run1,S2,TAS,13/4/2023,30/5/2023,25.0,12.2,,,Resection,No,,NEGATIVE,-13.1,NEGATIVE,NEGATIVE,,,,,,,,,,,,,,,,,,,,,,,,,RHH,HRD_Run1
1411-8619,HRD_Run1,S3,VIC,31/5/2023,5/6/2023,70.0,21.2,,,Core Biopsy,Unknown,,NEGATIVE,-10.1,NEGATIVE,NEGATIVE,TP53,NM_000546.5:c.524G>A,p.(Arg175His),,IA,46,,,,,,,,,,,,,,,,,,,ACL,HRD_Run1
1407-6535,HRD_Run1,S4,NSW,26/5/2023,26/5/2023,70.0,140,,,Cytology,Unknown,,NEGATIVE,-6.0,NEGATIVE,NEGATIVE,TP53,NM_000546.5:c.421_453del,p.(Cys141_Pro151del),,IB,82,CCNE1,Gene amplification copy number 5.5,p.(=),,IIC,-,,,,,,,,,,,,,CAPITAL PATH,HRD_Run1
1409-6173,HRD_Run1,S5,QLD,19/5/2023,30/5/2023,80.0,38.1,,,Core Biopsy,Unknown,,NEGATIVE,-10.6,NEGATIVE,NEGATIVE,TP53,NM_000546.5:c.512_517dup,p.(Glu171_Val172dup),,IB,55,CCNE1,Gene amplification copy number 12.6,p.(=),,IIC,-,,,,,,,,,,,,,QML,HRD_Run1
1411-9447,HRD_Run1,S6,VIC,6/6/2023,7/6/2023,60.0,5.5,,,Resection,Unknown,,POSITIVE,1.3,POSITIVE,NEGATIVE,TP53,NM_000546.5:c.377A>G,p.(Tyr126Cys),,IB,17,,,,,,,,,,,,,,,,,,,DOREVITCH PATH,HRD_Run1
1409-8278,HRD_Run1,S7,VIC,23/5/2023,15/6/2023,45.0,8.02,,,Core Biopsy,No,,NEGATIVE,-3.4,NEGATIVE,NEGATIVE,TP53,NM_000546.5:c.358A>G,p.(Lys120Glu),,IB,50,,,,,,,,,,,,,,,,,,,EASTERN HEALTH PATH,HRD_Run1
1413-3282,HRD_Run1,S8,QLD,8/6/2023,9/6/2023,80.0,48.6,,,Core Biopsy,Yes,Unknown,,18.8,POSITIVE,POSITIVE,BRCA2,NM_000059.3:c.7558C>T,p.(Arg2520*),Yes,IA,19,BRCA2,NM_000059.3:c.7558_7559delinsTC,p.(Arg2520Ser),Yes,IA,35,BRCA2,NM_000059.3:c.7558_7559delinsTT,p.(Arg2520Leu),Yes,III,20,TP53,NM_000546.5:c.833C>G,p.(Pro278Arg),,IB,73.0,MATER PATH,HRD_Run1
1407-7230,HRD_Run1,S9,VIC,26/5/2023,26/5/2023,55.0,44,,,Resection,Unknown,,POSITIVE,11.5,POSITIVE,NEGATIVE,TP53,NM_000546.5:c.586C>T,p.(Arg196*),,IB,47,,,,,,,,,,,,,,,,,,,RMH,HRD_Run1
1410-1517,HRD_Run1,S10,TAS,23/5/2023,31/5/2023,90.0,233,,,Resection,No,,POSITIVE,8.8,POSITIVE,NEGATIVE,TP53,NM_000546.5:c.464_491del,p.(Thr155Serfs*6),,IB,92,,,,,,,,,,,,,,,,,,,RHH,HRD_Run1
1413-3340,HRD_Run1,S11,QLD,1/6/2023,9/6/2023,25.0,3.86,,,Core Biopsy,No,,POSITIVE,9.2,POSITIVE,NEGATIVE,TP53,NM_000546.5:c.584T>C,p.(Ile195Thr),,IB,16,,,,,,,,,,,,,,,,,,,MATER,HRD_Run1
1407-7320,HRD_Run1,S12,VIC,29/5/2023,29/5/2023,35.0,10.5,,,Resection,Yes,2,NEGATIVE,-6.5,NEGATIVE,NEGATIVE,TP53,NM_000546.5:c.818G>A,p.(Arg273His),,IB,24,,,,,,,,,,,,,,,,,,,RCH,HRD_Run1
1410-3300,HRD_Run1,S13,TAS,15/5/2023,1/6/2023,90.0,35.2,,,Cytology,No,,POSITIVE,0.8,POSITIVE,NEGATIVE,TP53,NM_000546.5:c.473_477del,p.(Arg158Hisfs*21),,IB,79,,,,,,,,,,,,,,,,,,,RHH,HRD_Run1
1413-4688,HRD_Run1,S14,VIC,7/6/2023,20/6/2023,70.0,92.6,,,Resection,No,,POSITIVE,10.2,POSITIVE,NEGATIVE,TP53,NM_000546.5:c.713G>T,p.(Cys238Phe),,IB,61,,,,,,,,,,,,,,,,,,,RCH,HRD_Run1
1407-7410,HRD_Run1,S15,VIC,26/5/2023,26/5/2023,80.0,38.7,,,Resection,No,,POSITIVE,4.7,POSITIVE,NEGATIVE,TP53,NM_000546.5:c.560-1G>A,p.(?),,IB,77,,,,,,,,,,,,,,,,,,,RCH,HRD_Run1
1410-5640,HRD_Run1,S16,NSW,31/5/2023,14/6/2023,50.0,19.9,,,Core Biopsy,Unknown,,POSITIVE,13.4,POSITIVE,POSITIVE,BRCA1,NM_007294.3:c.3331_3334del,p.(Gln1111Asnfs*5),Yes,IA,59,TP53,NM_000546.5:c.1024C>T,p.(Arg342*),,IB,43,,,,,,,,,,,,,PATH QLD,HRD_Run1
1413-7339,HRD_Run1,S17,QLD,6/6/2023,14/6/2023,70.0,189,,,Core Biopsy,No,,POSITIVE,4.0,POSITIVE,POSITIVE,BRCA1,NM_007294.3:c.2560_2561dup,p.(Gln855Leufs*39),Yes,IA,80,TP53,NM_000546.5:c.490A>G,p.(Lys164Glu),,III,63,,,,,,,,,,,,,MATER PATH,HRD_Run1
1407-7973,HRD_Run1,S18,VIC,26/5/2023,26/5/2023,60.0,75.6,,,Cytology,No,,POSITIVE,-2.5,NEGATIVE,POSITIVE,BRCA2,NM_000059.3:c.3263del,p.(Pro1088Leufs*16),Yes,IA,62,,,,,,,,,,,,,,,,,,,PP,HRD_Run1
1411-3334,HRD_Run1,S19,TAS,7/6/2023,8/6/2023,15.0,55.5,Yes,Other (see comments),Cytology,Unknown,,,,INCONCLUSIVE,,TP53,NM_000546.5:c.524G>A,p.(Arg175His),,IB,3,,,,,,,,,,,,,,,,,,,LGH,HRD_Run1
1414-1378,HRD_Run1,S20,SA,31/5/2023,15/6/2023,25.0,6.21,,,Core Biopsy,No,,POSITIVE,3.9,POSITIVE,NEGATIVE,TP53,NM_000546.5:c.497C>G,p.(Ser166*),,IB,33,,,,,,,,,,,,,,,,,,,SA PATH,HRD_Run1
1408-2692,HRD_Run1,S21,VIC,20/4/2023,1/6/2023,90.0,212,,,Resection,Unknown,,NEGATIVE,-18.8,NEGATIVE,NEGATIVE,,,,,,,,,,,,,,,,,,,,,,,,,RCH/RWH,HRD_Run1
1411-6796,HRD_Run1,S22,NSW,24/5/2023,13/6/2023,55.0,12.6,,,Core Biopsy,Unknown,,POSITIVE,11.0,POSITIVE,NEGATIVE,TP53,NM_000546.5:c.584T>C,p.(Ile195Thr),,IB,34,,,,,,,,,,,,,,,,,,,IML PATH,HRD_Run1
1418-1823,HRD_Run1,S23,VIC,26/4/2023,28/6/2023,50.0,6.71,,,Resection,Unknown,,NEGATIVE,-5.5,NEGATIVE,NEGATIVE,BRIP1,NM_032043.2:c.1107C>G,p.(Tyr369*),Yes,IIC,37,,,,,,,,,,,,,,,,,,,,HRD_Run1
1419-5392,HRD_Run2,S1,TAS,4/7/2023,5/7/2023,70.0,47.6,,,Cytology,Yes,1,NEGATIVE,-1.1,NEGATIVE,NEGATIVE,TP53,NM_000546.5:c.742C>T,p.(Arg248Trp),,IB,84,,,,,,,,,,,,,,,,,,,,HRD_Run2
1416-0173,HRD_Run2,S2,QLD,8/6/2023,22/6/2023,25.0,2.96,,,Core Biopsy,Unknown,,NEGATIVE,-10.9,NEGATIVE,NEGATIVE,,,,,,,,,,,,,,,,,,,,,,,,,MATER,HRD_Run2
1415-4079,HRD_Run2,S3,NSW,20/6/2023,20/6/2023,20.0,10.5,,,Resection,No,,NEGATIVE,-13.9,NEGATIVE,NEGATIVE,TP53,NM_000546.5:c.916C>T,p.(Arg306*),,IB,37,,,,,,,,,,,,,,,,,,,NSW HEALTH PATH,HRD_Run2
1415-3925,HRD_Run2,S4,VIC,28/3/2023,20/6/2023,60.0,24.9,,,Core Biopsy,Unknown,,POSITIVE,7.1,POSITIVE,NEGATIVE,TP53,NM_000546.5:c.641A>G,p.(His214Arg),,IB,78,,,,,,,,,,,,,,,,,,,,HRD_Run2
1416-3169,HRD_Run2,S5,TAS,30/5/2023,23/6/2023,10.0,15.8,,,Resection,Yes,1,POSITIVE,6.7,POSITIVE,POSITIVE,BRCA2,NM_000059.3:c.9302T>C,p.(Leu3101Pro),Yes,IA,59,TP53,NM_000546.5:c.818G>A,p.(Arg273His),,IB,14,,,,,,,,,,,,,ROYAL HOBART HOSP,HRD_Run2
1417-4871,HRD_Run2,S6,VIC,25/6/2023,28/6/2023,70.0,14.2,,,Core Biopsy,No,,NEGATIVE,-11.4,NEGATIVE,NEGATIVE,,,,,,,,,,,,,,,,,,,,,,,,,PMCC,HRD_Run2
1418-2444,HRD_Run2,S7,SA,29/6/2023,30/6/2023,80.0,143,,,Resection,No,,POSITIVE,6.2,POSITIVE,NEGATIVE,TP53,NM_000546.5:c.97-1G>T,p.?,,IB,58,RAD51C,NM_058216.2:c.955C>T,p.(Arg319*),Yes,IID,80,,,,,,,,,,,,,,HRD_Run2
1415-6449,HRD_Run2,S8,NT,22/6/2023,23/6/2023,70.0,192,,,Resection,No,,NEGATIVE,-11.3,NEGATIVE,NEGATIVE,TP53,NM_000546.5:c.584T>C,p.(Ile195Thr),,IB,72,,,,,,,,,,,,,,,,,,,ROYAL DARWIN HOSP,HRD_Run2
1417-5682,HRD_Run2,S9,TAS,21/6/2023,28/6/2023,40.0,55.4,,,Resection,Unknown,,POSITIVE,0.8,POSITIVE,NEGATIVE,TP53,NM_000546.5:c.854_884delinsCG,p.(Glu285Alafs*11),,IB,78,,,,,,,,,,,,,,,,,,,RHH,HRD_Run2
1417-9764,HRD_Run2,S10,QLD,29/6/2023,29/6/2023,20.0,52.1,,,Cytology,Unknown,,NEGATIVE,-4.1,NEGATIVE,NEGATIVE,TP53,NM_000546.5:c.659A>G,p.(Tyr220Cys),,IB,47,,,,,,,,,,,,,,,,,,,,HRD_Run2
1415-9858,HRD_Run2,S11,VIC,14/6/2023,22/6/2023,50.0,20.6,,,Core Biopsy,No,,NEGATIVE,-9.6,NEGATIVE,NEGATIVE,TP53,NM_000546.5:c.818G>A,p.(Arg273His),,IB,85,,,,,,,,,,,,,,,,,,,PMCC,HRD_Run2
1414-9489,HRD_Run2,S12,SA,16/5/2023,27/6/2023,30.0,6.08,,,Resection,Unknown,,NEGATIVE,-2.9,NEGATIVE,NEGATIVE,TP53,NM_000546.5:c.523C>G,p.(Arg175Gly),,IB,54,,,,,,,,,,,,,,,,,,,SA PATHOLOGY,HRD_Run2
1415-0071,HRD_Run2,S13,VIC,19/6/2023,20/6/2023,70.0,21.6,,,Cytology,Unknown,,NEGATIVE,-5.6,NEGATIVE,NEGATIVE,TP53,NM_000546.5:c.713G>A,p.(Cys238Tyr),,IB,89,,,,,,,,,,,,,,,,,,,ACL,HRD_Run2
1416-0873,HRD_Run2,S14,QLD,21/6/2023,22/6/2023,30.0,13.6,,,Core Biopsy,No,,NEGATIVE,-8.6,NEGATIVE,NEGATIVE,TP53,NM_000546.5:c.528C>G,p.(Cys176Trp),,III,50,,,,,,,,,,,,,,,,,,,MATER,HRD_Run2
1417-9201,HRD_Run2,S15,NSW,29/6/2023,29/6/2023,70.0,6.82,,,Core Biopsy,No,,POSITIVE,7.2,POSITIVE,NEGATIVE,TP53,NM_000546.5:c.524G>A,p.(Arg175His),,IB,87,,,,,,,,,,,,,,,,,,,WESTMEAD,HRD_Run2
1415-7282,HRD_Run2,S16,SA,8/6/2023,20/6/2023,60.0,28.4,,,Core Biopsy,No,,POSITIVE,6.9,POSITIVE,NEGATIVE,TP53,NM_000546.5:c.742C>T,p.(Arg248Trp),,IB,56,,,,,,,,,,,,,,,,,,,SA PATH,HRD_Run2
1414-3904,HRD_Run2,S17,NSW,5/6/2023,26/6/2023,30.0,1.17,,,Core Biopsy,Unknown,,NEGATIVE,-7.3,NEGATIVE,NEGATIVE,TP53,NM_000546.5:c.708_713del,p.(Met237_Cys238del),,IB,48,,,,,,,,,,,,,,,,,,,NSW PATH,HRD_Run2
1415-7825,HRD_Run2,S18,QLD,27/2/2023,29/6/2023,30.0,35.4,,,Resection,Yes,1,NEGATIVE,-6.7,NEGATIVE,NEGATIVE,TP53,NM_000546.5:c.159G>A,p.(Trp53*),,IB,31,,,,,,,,,,,,,,,,,,,SNP,HRD_Run2
1414-3922,HRD_Run2,S19,NSW,12/6/2023,22/6/2023,70.0,96.9,,,Resection,Unknown,,POSITIVE,14.2,POSITIVE,POSITIVE,BRCA1,NM_007294.3:c.2766del,p.(Val923Leufs*77),Yes,IA,75,TP53,NM_000546.5:c.584T>C,p.(Ile195Thr),,IB,54,,,,,,,,,,,,,LPQ,HRD_Run2
1416-3035,HRD_Run2,S20,VIC,16/6/2023,23/6/2023,30.0,5.16,,,Core Biopsy,No,,NEGATIVE,-3.1,NEGATIVE,NEGATIVE,TP53,NM_000546.5:c.727_732del,p.(Met243_Gly244del),,IB,80,,,,,,,,,,,,,,,,,,,MELB PATH,HRD_Run2
1416-8447,HRD_Run2,S21,NSW,28/6/2023,29/6/2023,40.0,164,,,Resection,No,,POSITIVE,9.7,POSITIVE,NEGATIVE,TP53,NM_000546.5:c.517G>A,p.(Val173Met),,IB,75,,,,,,,,,,,,,,,,,,,RPAH,HRD_Run2
1416-0090,HRD_Run2,S22,QLD,6/6/2023,22/6/2023,25.0,71.3,,,Resection,Yes,2,NEGATIVE,-4.8,NEGATIVE,NEGATIVE,TP53,NM_000546.5:c.254del,p.(Pro85Leufs*38),,IB,34,,,,,,,,,,,,,,,,,,,MATER,HRD_Run2
1415-6680,HRD_Run2,S23,NSW,8/9/2022,26/6/2023,70.0,1.49,,,Core Biopsy,No,,NEGATIVE,-1.4,NEGATIVE,NEGATIVE,TP53,NM_000546.5:c.258del,p.(Pro87Glnfs*36),,IB,51,,,,,,,,,,,,,,,,,,,RPAH,HRD_Run2
1416-8934,HRD_Run2,S24,VIC,28/3/2023,28/6/2023,10.0,2.83,,,Resection,Yes,3,NEGATIVE,,INCONCLUSIVE,NEGATIVE,,,,,,,,,,,,,,,,,,,,,,,,,MONASH,HRD_Run2
1416-0397,HRD_Run3,S1,QLD,5/6/2023,29/6/2023,60.0,93.2,,,Core Biopsy,No,,POSITIVE,0.9,POSITIVE,NEGATIVE,TP53,NM_000546.5:c.997del,p.(Arg333Valfs*12),,IB,84,,,,,,,,,,,,,,,,,,,SNP,HRD_Run3
1415-9878,HRD_Run3,S2,NSW,5/5/2023,22/6/2023,20.0,3.31,,,Resection,Yes,1,NEGATIVE,-9.2,NEGATIVE,NEGATIVE,TP53,NM_000546.5:c.659A>G,p.(Tyr220Cys),,IB,11,,,,,,,,,,,,,,,,,,,NSW GOV HLTH PATH,HRD_Run3
1418-8743,HRD_Run3,S3,QLD,20/6/2023,3/7/2023,70.0,167,,,Resection,No,,NEGATIVE,-7.3,NEGATIVE,NEGATIVE,TP53,NM_000546.5:c.102dup,p.(Pro36Alafs*7),,IB,43,,,,,,,,,,,,,,,,,,,MATER,HRD_Run3
1415-7294,HRD_Run3,S4,QLD,8/6/2023,29/6/2023,20.0,85.9,,,Core Biopsy,Unknown,,NEGATIVE,-13.5,NEGATIVE,NEGATIVE,TP53,NM_000546.5:c.691_732dup,p.(Thr231_Gly244dup),,IB,12,,,,,,,,,,,,,,,,,,,SNP,HRD_Run3
1416-2874,HRD_Run3,S5,NSW,3/2/2023,29/6/2023,30.0,3.11,,,Core Biopsy,No,,NEGATIVE,-9.5,NEGATIVE,NEGATIVE,TP53,NM_000546.5:c.524G>A,p.(Arg175His),,,36,,,,,,,,,,,,,,,,,,,NSW HLTH PATH,HRD_Run3
1416-3001,HRD_Run3,S6,QLD,8/5/2023,3/7/2023,80.0,55.3,,,Resection,Yes,1,NEGATIVE,-7.4,NEGATIVE,NEGATIVE,TP53,NM_000546.5:c.528C>G,p.(Cys176Trp),,IB,60,,,,,,,,,,,,,,,,,,,SNP,HRD_Run3
1415-4176,HRD_Run3,S7,NSW,10/1/2023,29/6/2023,60.0,125,,,Core Biopsy,Unknown,,POSITIVE,7.2,POSITIVE,NEGATIVE,TP53,NM_000546.5:c.745A>G,p.(Arg249Gly),,IB,29,,,,,,,,,,,,,,,,,,,RPAH,HRD_Run3
1416-8464,HRD_Run3,S8,NSW,18/4/2023,30/6/2023,90.0,363,,,Resection,No,,POSITIVE,-0.4,NEGATIVE,POSITIVE,BRCA1,NM_007294.3:c.1961dup,p.(Tyr655Valfs*18),Yes,IA,82,TP53,NM_000546.5:c.916C>T,p.(Arg306*),,IB,79,,,,,,,,,,,,,NSW GOV HLTH PATH,HRD_Run3
1417-8744,HRD_Run3,S9,VIC,2/7/2023,3/7/2023,40.0,10.8,,,Core Biopsy,No,,POSITIVE,6.4,POSITIVE,POSITIVE,BRCA1,NM_007294.3:c.5268_5271del,p.(Asp1757Glufs*7),Yes,IA,60,TP53,NM_000546.5:c.701A>G,p.(Tyr234Cys),,IB,28,,,,,,,,,,,,,AUSTIN,HRD_Run3
1417-9625,HRD_Run3,S10,NSW,22/6/2023,29/6/2023,80.0,16.3,,,Core Biopsy,Unknown,,NEGATIVE,-7.2,NEGATIVE,NEGATIVE,TP53,NM_000546.5:c.659A>G,p.(Tyr220Cys),,IB,87,,,,,,,,,,,,,,,,,,,ROYAL PRINCE ALFRED,HRD_Run3
1415-3976,HRD_Run3,S11,ACT,1/5/2023,30/6/2023,60.0,89.2,,,Resection,Yes,2,NEGATIVE,-9.2,NEGATIVE,NEGATIVE,TP53,NM_000546.5:c.518T>A,p.(Val173Glu),,IB,63,,,,,,,,,,,,,,,,,,,NSW GOV HLTH PATH,HRD_Run3
1417-9722,HRD_Run3,S12,NSW,4/7/2023,5/7/2023,80.0,43.7,,,Cytology,Unknown,,NEGATIVE,-8.9,NEGATIVE,NEGATIVE,TP53,NM_000546.5:c.818G>A,p.(Arg273His),,IB,70,,,,,,,,,,,,,,,,,,,PP,HRD_Run3
1415-9836,HRD_Run3,S13,NSW,10/3/2023,29/6/2023,20.0,3.97,,,Resection,Yes,2,NEGATIVE,-9.6,NEGATIVE,NEGATIVE,TP53,NM_000546.5:c.517G>A,p.(Val173Met),,IB,20,,,,,,,,,,,,,,,,,,,NSW GOV HLTH PATH,HRD_Run3
1416-3368,HRD_Run3,S14,NSW,29/6/2023,30/6/2023,85.0,11.1,,,Core Biopsy,No,,POSITIVE,16.1,POSITIVE,NEGATIVE,TP53,NM_000546.5:c.402T>G,p.(Phe134Leu),,IB,79,,,,,,,,,,,,,,,,,,,NSW GOV HLTH PATH,HRD_Run3
1417-9743,HRD_Run3,S15,NSW,21/6/2023,5/7/2023,25.0,2.64,,,Core Biopsy,Unknown,,NEGATIVE,-10.2,NEGATIVE,NEGATIVE,,,,,,,,,,,,,,,,,,,,,,,,,PP,HRD_Run3
1417-0131,HRD_Run3,S16,NSW,29/6/2023,29/6/2023,10.0,5.81,,,Resection,Unknown,,NEGATIVE,0.0,NEGATIVE,NEGATIVE,TP53,NM_000546.5:c.857A>C,p.(Glu286Ala),,IB,38,,,,,,,,,,,,,,,,,,,NSW GOV HLTH PATH,HRD_Run3
1418-8017,HRD_Run3,S17,QLD,12/6/2023,30/6/2023,90.0,85.5,,,Core Biopsy,Unknown,,POSITIVE,10.3,POSITIVE,NEGATIVE,TP53,NM_000546.5:c.524G>A,p.(Arg175His),,IB,95,,,,,,,,,,,,,,,,,,,PATH QLD,HRD_Run3
1417-9682,HRD_Run3,S18,NSW,5/6/2023,6/7/2023,55.0,60.6,,,Core Biopsy,No,,NEGATIVE,-12.6,NEGATIVE,NEGATIVE,TP53,NM_000546.5:c.856del,p.(Glu286Lysfs*59),,IB,50,,,,,,,,,,,,,,,,,,,DHM PATH,HRD_Run3
1417-1986,HRD_Run3,S19,NSW,13/4/2023,29/6/2023,65.0,256,,,Resection,Yes,2,POSITIVE,1.9,POSITIVE,NEGATIVE,TP53,NM_000546.5:c.723del,p.(Cys242Alafs*5),,IB,67,,,,,,,,,,,,,,,,,,,NSW GOV HLTH PATH,HRD_Run3
1417-5712,HRD_Run3,S20,QLD,21/6/2023,3/7/2023,35.0,8.21,,,Core Biopsy,No,,NEGATIVE,-6.5,NEGATIVE,NEGATIVE,BRCA2,NM_000059.3:c.5487G>T,p.(Leu1829Phe),,III,40,TP53,NM_000546.5:c.722C>A,p.(Ser241Tyr),,IB,35,,,,,,,,,,,,,SNP,HRD_Run3
1419-7888,HRD_Run3,S21,VIC,26/5/2023,5/7/2023,65.0,77.7,,,Resection,No,,NEGATIVE,-9.7,NEGATIVE,NEGATIVE,TP53,NM_000546.5:c.392A>T,p.(Asn131Ile),,IB,47,,,,,,,,,,,,,,,,,,,PP,HRD_Run3
1417-2390,HRD_Run3,S22,VIC,31/5/2023,29/6/2023,70.0,19.8,,,Core Biopsy,Unknown,,NEGATIVE,-8.5,NEGATIVE,NEGATIVE,TP53,NM_000546.5:c.637C>T,p.(Arg213*),,IB,75,,,,,,,,,,,,,,,,,,,ACL,HRD_Run3
1417-8835,HRD_Run3,S23,QLD,21/4/2023,3/7/2023,75.0,106,,,Resection,Yes,1,NEGATIVE,-10.7,NEGATIVE,NEGATIVE,TP53,NM_000546.5:c.800G>C,p.(Arg267Pro),,IB,86,,,,,,,,,,,,,,,,,,,SNP,HRD_Run3
1419-8210,HRD_Run3,S24,ACT,14/6/2023,6/7/2023,10.0,41.1,,,Resection,Yes,3,POSITIVE,4.6,POSITIVE,NEGATIVE,TP53,NM_000546.5:c.770T>C,p.(Leu257Pro),,IB,7,,,,,,,,,,,,,,,,,,,SEAL - POW,HRD_Run3
1413-4758,HRD_Run4,S1,VIC,31/5/2023,10/7/2023,80.0,170,,,Core Biopsy,No,,POSITIVE,13.0,POSITIVE,NEGATIVE,TP53,NM_000546.5:c.592G>T,p.(Glu198*),,IB,79,,,,,,,,,,,,,,,,,,,TISSUPATH,HRD_Run4
1419-1352,HRD_Run4,S2,NSW,13/6/2023,7/7/2023,20.0,2.14,,,Resection,Yes,1,NEGATIVE,-8.4,NEGATIVE,NEGATIVE,TP53,transcript:NM_000546.5:c.784_786del,p.(Gly262del),,III,10,,,,,,,,,,,,,,,,,,,PATH QLD,HRD_Run4
1419-7483,HRD_Run4,S3,NSW,20/12/2022,7/7/2023,30.0,68.9,,,Resection,Yes,2,POSITIVE,2.4,POSITIVE,NEGATIVE,TP53,NM_000546.5:c.713G>A,p.(Cys238Tyr),,IB,47,BRCA2,gene:BRCA2 transcript:NM_000059/3 cDNA:c.8009C>G protein:p.,p.(Ser2670Trp),,III,29,,,,,,,,,,,,,POW,HRD_Run4
1415-9956,HRD_Run4,S4,NSW,21/3/2023,7/7/2023,30.0,1.93,,,Core Biopsy,No,Unknown,NEGATIVE,-9.1,NEGATIVE,,gene:TP53,NM_000546.5:c.373A>C,p.(Thr125Pro),,III,34,,,,,,,,,,,,,,,,,,,RPAH,HRD_Run4
1419-1733,HRD_Run4,S5,VIC,30/6/2023,4/7/2023,70.0,67.4,,,Core Biopsy,No,,POSITIVE,10.6,POSITIVE,POSITIVE,BRCA1,NM_007294.3:c.5212G>A,p.(Gly1738Arg),Yes,IA,82,TP53,NM_000546.5:c.313G>C,p.(Gly105Arg),,IB,69,,,,,,,,,,,,,MELB PATH,HRD_Run4
1419-7508,HRD_Run4,S6,NSW,23/3/2023,11/7/2023,80.0,56.8,,,Resection,No,,POSITIVE,8.6,POSITIVE,NEGATIVE,TP53,NM_000546.5:c.818G>T,p.(Arg273Leu),,IB,73,,,,,,,,,,,,,,,,,,,POWH,HRD_Run4
1416-0442,HRD_Run4,S7,VIC,30/5/2023,6/7/2023,55.0,98.8,,,Resection,Yes,2,NEGATIVE,-7.8,NEGATIVE,NEGATIVE,TP53,NM_000546.5:c.743G>A,p.(Arg248Gln),,IB,56,,,,,,,,,,,,,,,,,,,DOREVITCH,HRD_Run4
1419-1768,HRD_Run4,S8,VIC,30/6/2023,4/7/2023,85.0,68.7,,,Resection,No,,POSITIVE,8.7,POSITIVE,NEGATIVE,TP53,NM_000546.5:c.857A>G,p.(Glu286Gly),,III,67,,,,,,,,,,,,,,,,,,,MELB PATH,HRD_Run4
1419-7544,HRD_Run4,S9,NSW,9/2/2023,11/7/2023,70.0,2.99,,,Core Biopsy,No,,NEGATIVE,-8.2,NEGATIVE,,TP53,NM_000546.5:c.811G>A,p.(Glu271Lys),,IB,83,,,,,,,,,,,,,,,,,,,WOLLONGONG HOSP,HRD_Run4
1417-5864,HRD_Run4,S10,VIC,27/3/2023,11/7/2023,50.0,6.86,,,Core Biopsy,No,,POSITIVE,7.0,POSITIVE,POSITIVE,BRCA1,NM_007294.3:c.4358-2A>G,p.(?),Yes,IA,76,TP53,NM_000546.5:c.527G>A,p.(Cys176Tyr),,IB,66,,,,,,,,,,,,,RCH/RWH,HRD_Run4
1419-2387,HRD_Run4,S11,VIC,23/6/2023,4/7/2023,20.0,41.7,,,Resection,Yes,2,NEGATIVE,-7.7,NEGATIVE,NEGATIVE,TP53,NM_000546.5:c.376-1G>A,p.(?),,IB,8,,,,,,,,,,,,,,,,,,,DOREVITCH,HRD_Run4
1419-7884,HRD_Run4,S12,NSW,1/2/2023,6/7/2023,70.0,125,,,Resection,Unknown,,NEGATIVE,-5.3,NEGATIVE,NEGATIVE,TP53,gene:TP53 transcript:NM_000546/5 cDNA:c.1009C>T,p.(Arg337Cys),,IB,67,,,,,,,,,,,,,,,,,,,POW,HRD_Run4
1418-2363,HRD_Run4,S13,NSW,5/4/2023,5/7/2023,85.0,60.2,,,Core Biopsy,Unknown,,NEGATIVE,-7.6,NEGATIVE,,CCNE1,Gene amplification copy number 20.1,p.(=),,IIC,-,TP53,NM_000546.5:c.376-1G>C,p.?,,IB,88,,,,,,,,,,,,,RPAH,HRD_Run4
1419-4166,HRD_Run4,S14,VIC,9/6/2023,10/7/2023,50.0,56.3,,,Core Biopsy,No,,NEGATIVE,-9.9,NEGATIVE,NEGATIVE,TP53,NM_000546.5:c.818G>A,p.(Arg273His),,IB,56,,,,,,,,,,,,,,,,,,,DOREVITCH PATH,HRD_Run4
1419-7985,HRD_Run4,S15,NSW,28/3/2023,7/7/2023,30.0,54.1,,,Resection,Yes,2,NEGATIVE,-12.9,NEGATIVE,NEGATIVE,TP53,NM_000546.5:c.734G>A,p.(Gly245Asp),,IB,25,,,,,,,,,,,,,,,,,,,POW,HRD_Run4
1418-8107,HRD_Run4,S16,NSW,22/6/2023,3/7/2023,30.0,8,,,Core Biopsy,No,,NEGATIVE,-1.6,NEGATIVE,NEGATIVE,TP53,NM_000546.5:c.517G>A,p.(Val173Met),,IB,22,,,,,,,,,,,,,,,,,,,ACT PATH,HRD_Run4
1419-5806,HRD_Run4,S17,QLD,21/2/2023,10/7/2023,70.0,166,,,Resection,Yes,1,NEGATIVE,-18.3,NEGATIVE,NEGATIVE,TP53,NM_000546.5:c.637C>T,p.(Arg213*),,IB,80,,,,,,,,,,,,,,,,,,,SNP,HRD_Run4
1419-8687,HRD_Run4,S18,VIC,3/7/2023,10/7/2023,30.0,26.2,,,Core Biopsy,No,,NEGATIVE,-14.6,NEGATIVE,NEGATIVE,TP53,NM_000546.5:c.637C>T,p.(Arg213*),,IB,53,,,,,,,,,,,,,,,,,,,AUSTIN PATH,HRD_Run4
1418-9138,HRD_Run4,S19,NSW,12/5/2023,7/7/2023,60.0,104,,,Resection,No,,NEGATIVE,-11.9,NEGATIVE,NEGATIVE,TP53,NM_000546.5:c.747G>T,p.(Arg249Ser),,IB,83,,,,,,,,,,,,,,,,,,,WESTMEAD HOSP,HRD_Run4
1419-7380,HRD_Run4,S20,NSW,7/6/2023,7/7/2023,80.0,142,,,Resection,Yes,1,NEGATIVE,-4.9,NEGATIVE,NEGATIVE,TP53,NM_000546.5:c.559+1G>T,p.(?),,IB,87,,,,,,,,,,,,,,,,,,,POW,HRD_Run4
1420-0679,HRD_Run4,S21,VIC,18/5/2023,11/7/2023,40.0,2.93,,,Core Biopsy,No,,POSITIVE,4.1,POSITIVE,POSITIVE,BRCA2,NM_000059.3:c.9017dup,p.(Tyr3006*),Yes,IA,41,TP53,NM_000546.5:c.841G>A,p.(Asp281Asn),,IB,46,,,,,,,,,,,,,RCH/RWH,HRD_Run4
1419-0971,HRD_Run4,S22,QLD,1/12/2022,3/7/2023,70.0,77.6,,,Resection,Unknown,,POSITIVE,3.5,POSITIVE,NEGATIVE,TP53,NM_000546.5:c.578A>G,p.(His193Arg),,IB,52,,,,,,,,,,,,,,,,,,,SNP,HRD_Run4
1419-7430,HRD_Run4,S23,NSW,7/9/2022,11/7/2023,30.0,30.8,,,Resection,No,,NEGATIVE,-12.8,NEGATIVE,NEGATIVE,TP53,NM_000546.5:c.376-1G>T,p.(?),,IB,66,,,,,,,,,,,,,,,,,,,POWH,HRD_Run4
1420-0691,HRD_Run4,S24,NSW,30/6/2023,6/7/2023,30.0,21.3,,,Resection,Unknown,,NEGATIVE,-15.2,NEGATIVE,NEGATIVE,TP53,NM_000546.5:c.376-2A>G,p.(?),,,21,,,,,,,,,,,,,,,,,,,POW,HRD_Run4
1420-7056,HRD_Run5,S1,VIC,30/1/2023,10/7/2023,70.0,40,,,Resection,Yes,1,NEGATIVE,-14.7,NEGATIVE,NEGATIVE,gene:TP53,NM_000546.5:c.659A>G,p.(Tyr220Cys),,IB,69,,,,,,,,,,,,,,,,,,,MELB PATH,HRD_Run5
1418-7282,HRD_Run5,S2,NSW,10/5/2023,13/7/2023,25.0,71.6,,,Resection,Yes,2,NEGATIVE,-12.6,NEGATIVE,NEGATIVE,TP53,NM_000546.5:c.430C>T,p.(Gln144*),,IB,48,,,,,,,,,,,,,,,,,,,NSW GOV HLTH PATH,HRD_Run5
1421-1031,HRD_Run5,S3,NSW,7/6/2023,11/7/2023,20.0,4.32,,,Resection,Yes,2,NEGATIVE,-2.4,NEGATIVE,NEGATIVE,TP53,NM_000546.5:c.443_456del,p.(Asp148Alafs*28),,IB,20,,,,,,,,,,,,,,,,,,,AU,HRD_Run5
1420-7157,HRD_Run5,S4,QLD,9/6/2023,10/7/2023,70.0,202,,,Resection,Unknown,,NEGATIVE,-5.8,NEGATIVE,,TP53,NM_000546.5:c.376-18_387del,p.(?),,IB,71,,,,,,,,,,,,,,,,,,,MATER PATH,HRD_Run5
1421-7220,HRD_Run5,S5,VIC,15/6/2023,13/7/2023,70.0,32,,,Core Biopsy,Unknown,,NEGATIVE,-6.2,NEGATIVE,NEGATIVE,TP53,NM_000546.5:c.517G>A,p.(Val173Met),,IB,82,CDK12,gene amplification (43 copies),p.(=),,III,-,CCNE1,gene amplification (10 copies),p.(=),,,-,,,,,,,MELB PATH,HRD_Run5
1419-4954,HRD_Run5,S6,QLD,12/4/2023,14/7/2023,40.0,30.8,,,Resection,Unknown,,NEGATIVE,-7.9,NEGATIVE,NEGATIVE,BRCA1,transcript:NM_007294/3 cDNA:c.988G>C,p.(Asp330His),,III,6,,,,,,,,,,,,,,,,,,,LPQ,HRD_Run5
1420-7455,HRD_Run5,S7,QLD,2/6/2023,10/7/2023,30.0,31.9,,,Resection,Yes,Unknown,POSITIVE,5.6,POSITIVE,NEGATIVE,TP53,NM_000546.5:c.979_993+5delinsA,p.(?),,IB,6,,,,,,,,,,,,,,,,,,,MATER PATH,HRD_Run5
1421-7253,HRD_Run5,S8,VIC,15/5/2023,13/7/2023,75.0,57.2,,,Core Biopsy,No,,NEGATIVE,-10.2,NEGATIVE,NEGATIVE,TP53,NM_000546.5:c.329G>C,p.(Arg110Pro),,IB,88,,,,,,,,,,,,,,,,,,,MELB PATH,HRD_Run5
1420-7167,HRD_Run5,S9,VIC,2/6/2023,14/7/2023,40.0,8.69,,,Core Biopsy,No,,POSITIVE,11.9,POSITIVE,NEGATIVE,TP53,NM_000546.5:c.673-1G>A,p.(?),,IB,56,,,,,,,,,,,,,,,,,,,DOREVITCH PATH,HRD_Run5
1420-1529,HRD_Run5,S10,VIC,23/6/2023,11/7/2023,10.0,18.7,Yes,Other (see comments),Resection,Yes,2,,,,,,,,,,,,,,,,,,,,,,,,,,,,,DOREVITCH PATH,HRD_Run5
1420-7676,HRD_Run5,S11,VIC,5/7/2023,10/7/2023,40.0,12.4,,,Resection,Yes,3,NEGATIVE,-0.9,NEGATIVE,NEGATIVE,TP53,NM_000546.5:c.711G>A,p.(Met237Ile),,IB,36,,,,,,,,,,,,,,,,,,,AUSTIN PATH,HRD_Run5
1421-0319,HRD_Run5,S12,VIC,4/7/2023,14/7/2023,60.0,118,,,Resection,No,,POSITIVE,13.5,POSITIVE,NEGATIVE,TP53,NM_000546.5:c.1024C>T,p.(Arg342*),,IB,58,,,,,,,,,,,,,,,,,,,AU,HRD_Run5
1421-0626,HRD_Run5,S13,NSW,21/4/2023,11/7/2023,30.0,8.78,,,Resection,No,,NEGATIVE,-8.2,NEGATIVE,,TP53,NM_000546.5:c.747_748delinsTT,p.(Arg249_Pro250delinsSerSer),,III,29,,,,,,,,,,,,,,,,,,,POWH,HRD_Run5
1421-6344,HRD_Run5,S14,VIC,15/6/2023,14/7/2023,50.0,12.9,,,Resection,Yes,2,POSITIVE,3.1,POSITIVE,NEGATIVE,TP53,NM_000546.5:c.376-8_381del,p.(?),,IB,27,,,,,,,,,,,,,,,,,,,LMOP,HRD_Run5
1420-6984,HRD_Run5,S15,NSW,31/3/2023,12/7/2023,50.0,151,,,Resection,Yes,1,NEGATIVE,-3.2,NEGATIVE,,TP53,NM_000546/5 cDNA:c.814G>A,p.(Val272Met),,IB,39,,,,,,,,,,,,,,,,,,,RPAH,HRD_Run5
1422-0004,HRD_Run5,S16,QLD,16/5/2023,14/7/2023,30.0,99.2,,,Resection,Unknown,,POSITIVE,9.0,POSITIVE,NEGATIVE,TP53,NM_000546.5:c.584T>C,p.(Ile195Thr),,IB,23,,,,,,,,,,,,,,,,,,,MATER PATH,HRD_Run5
1421-5741,HRD_Run5,S17,NSW,27/3/2023,14/7/2023,50.0,79.2,,,Resection,Yes,2,NEGATIVE,-3.8,NEGATIVE,NEGATIVE,TP53,NM_000546.5:c.820G>T,p.(Val274Phe),,IB,75,,,,,,,,,,,,,,,,,,,PP,HRD_Run5
1421-6694,HRD_Run5,S18,ACT,21/6/2023,12/7/2023,40.0,118,,,Resection,Yes,2,POSITIVE,6.0,POSITIVE,NEGATIVE,gene:TP53,NM_000546.5:c.514G>T,p.(Val172Phe),,IB,21,,,,,,,,,,,,,,,,,,,,HRD_Run5
1420-0379,HRD_Run5,S19,QLD,31/3/2023,14/7/2023,24.0,59.6,,,Resection,Yes,2,NEGATIVE,-1.7,NEGATIVE,NEGATIVE,TP53,NM_000546.5:c.920-2A>G,p.(?),,IB,24,,,,,,,,,,,,,,,,,,,MATER,HRD_Run5
1421-3467,HRD_Run5,S20,NSW,28/2/2023,12/7/2023,30.0,2.96,,,Core Biopsy,Unknown,,NEGATIVE,-5.0,NEGATIVE,NEGATIVE,TP53,NM_000546.5:c.469G>T,p.(Val157Phe),,IB,52,,,,,,,,,,,,,,,,,,,PRA,HRD_Run5
1419-2208,HRD_Run5,S21,NSW,4/1/2023,12/7/2023,70.0,8.48,,,Core Biopsy,Unknown,,POSITIVE,5.1,POSITIVE,,TP53,NM_000546.5:c.706T>C,p.(Tyr236His),,III,68,,,,,,,,,,,,,,,,,,,PATH QLD,HRD_Run5
1419-5035,HRD_Run5,S22,QLD,19/4/2023,14/7/2023,30.0,65.7,,,Resection,Yes,2,NEGATIVE,-9.5,NEGATIVE,NEGATIVE,BRCA2,NM_000059.3:c.2384C>T,p.(Ser795Leu),,III,18,TP53,NM_000546.5:c.997del,p.(Arg333Valfs*12),,IB,25,,,,,,,,,,,,,LPQ,HRD_Run5
1421-8729,HRD_Run5,S23,VIC,15/8/2022,14/7/2023,80.0,54.1,,,Core Biopsy,No,,POSITIVE,6.1,POSITIVE,NEGATIVE,TP53,NM_000546.5:c.747G>T,p.(Arg249Ser),,IB,64,,,,,,,,,,,,,,,,,,,,HRD_Run5
1418-2022,HRD_Run6,S1,NSW,28/9/2022,17/7/2023,80.0,4.29,,,Core Biopsy,No,,NEGATIVE,-10.4,NEGATIVE,NEGATIVE,TP53,NM_000546.5:c.733G>A,p.(Gly245Ser),,IB,96,,,,,,,,,,,,,,,,,,,PP,
1421-4256,HRD_Run6,S2,ACT,3/7/2023,18/7/2023,70.0,35.8,,,Resection,Yes,2,,,,,,,,,,,,,,,,,,,,,,,,,,,,,PP,
1422-5013,HRD_Run6,S3,SA,,17/7/2023,50.0,39.3,,,Resection,Unknown,,,,,,,,,,,,,,,,,,,,,,,,,,,,,,PP,
1419-5088,HRD_Run6,S4,VIC,1/5/2023,19/7/2023,70.0,163,,,Resection,No,,,,,,,,,,,,,,,,,,,,,,,,,,,,,,AUSTIN PATH,
1421-6392,HRD_Run6,S5,NSW,13/6/2023,20/7/2023,20.0,20.8,,,Resection,Yes,2,,,,,,,,,,,,,,,,,,,,,,,,,,,,,ST GEORGE HOSP,
1422-6877,HRD_Run6,S6,VIC,9/6/2023,20/7/2023,20.0,2.56,,,Core Biopsy,No,,,,,,,,,,,,,,,,,,,,,,,,,,,,,,DOREVITCH PATH,
1419-7345,HRD_Run6,S7,NSW,21/3/2023,10/7/2023,,234,,,Resection,Unknown,,,,,,,,,,,,,,,,,,,,,,,,,,,,,,NSW GOV HLTH PATH,
1421-6779,HRD_Run6,S8,NSW,15/3/2023,21/7/2023,10.0,6.41,,,Core Biopsy,No,,,,,,,,,,,,,,,,,,,,,,,,,,,,,,IML PATH,
1419-1150,HRD_Run6,S9,QLD,16/12/2022,24/7/2023,,19,,,Resection,Yes,2,,,,,,,,,,,,,,,,,,,,,,,,,,,,,MATER PATH,
1419-8556,HRD_Run6,S10,NSW,2/5/2023,18/7/2023,70.0,71.6,,,Resection,No,,,,,,,,,,,,,,,,,,,,,,,,,,,,,,PP,
1421-7055,HRD_Run6,S11,ACT,7/7/2023,13/7/2023,40.0,4.37,,,Core Biopsy,No,,,,,,,,,,,,,,,,,,,,,,,,,,,,,,ACT PATH,
1423-1555,HRD_Run6,S12,VIC,6/4/2023,19/7/2023,70.0,6,,,Core Biopsy,No,,,,,,,,,,,,,,,,,,,,,,,,,,,,,,PMCC,
1420-1988,HRD_Run6,S13,NSW,12/5/2023,17/7/2023,70.0,10.4,,,Core Biopsy,No,,,,,,,,,,,,,,,,,,,,,,,,,,,,,,WESTMEAD HOSP,
1421-7117,HRD_Run6,S14,QLD,5/6/2023,20/7/2023,60.0,155,,,Cytology,No,,,,,,,,,,,,,,,,,,,,,,,,,,,,,,SNP,
1423-4735,HRD_Run6,S15,SA,4/7/2023,20/7/2023,40.0,67.8,,,Resection,Yes,1,,,,,,,,,,,,,,,,,,,,,,,,,,,,,SA PATH,
1421-0904,HRD_Run6,S16,VIC,6/7/2023,20/7/2023,60.0,81.9,,,Resection,No,,,,,,,,,,,,,,,,,,,,,,,,,,,,,,RWH,
1421-8639,HRD_Run6,S17,NSW,17/4/2023,17/7/2023,70.0,77.9,,,Core Biopsy,No,,,,,,,,,,,,,,,,,,,,,,,,,,,,,,POW,
1423-4776,HRD_Run6,S18,SA,4/7/2023,20/7/2023,40.0,71,,,Resection,Yes,Unknown,,,,,,,,,,,,,,,,,,,,,,,,,,,,,SA PATH,
1421-3325,HRD_Run6,S19,NSW,4/11/2022,12/7/2023,80.0,34.2,,,Resection,Yes,3,,,,,,,,,,,,,,,,,,,,,,,,,,,,,PP,
1421-9276,HRD_Run6,S20,QLD,23/6/2023,14/7/2023,70.0,155,,,Resection,Unknown,,,,,,,,,,,,,,,,,,,,,,,,,,,,,,MATER,HRD_Run5
1424-3024,HRD_Run6,S21,QLD,27/3/2023,17/4/2023,75.0,98.33,,,Core Biopsy,Unknown,,,,,,,,,,,,,,,,,,,,,,,,,,,,,,,
1421-3918,HRD_Run6,S22,NSW,1/10/2021,21/7/2023,90.0,241,,,Resection,Unknown,,,,,,,,,,,,,,,,,,,,,,,,,,,,,,WESTMEAD HOSP,
1422-4844,HRD_Run6,S23,NSW,17/4/2023,21/7/2023,30.0,1.67,,,Core Biopsy,No,,,,,,,,,,,,,,,,,,,,,,,,,,,,,,RPAH,
1424-3129,HRD_Run6,S24,QLD,11/7/2023,24/7/2023,,217,,,Resection,Unknown,,,,,,,,,,,,,,,,,,,,,,,,,,,,,,MATER PATH,
